Full_Name,Email,Password,Phone,DOB,Gender,Address,
Riya Sharma,riya.sharma@example.com,riya123,9876543210,3/15/2004,Female,45 Lake View Road, Pune
Aarav Patel,aarav.patel@example.com,aarav2024,9123456780,12-09-2003,Male,21 Green Park, Ahmedabad
Kavya Nair,kavya.nair@example.com,kavya@123,9898123456,5/22/2005,Female,17 MG Road, Bangalore
Aditya Mehta,aditya.mehta@example.com,aditya@2025,9988776655,11-02-2004,Male,8 Sunrise Colony, Mumbai
Sneha Gupta,sneha.gupta@example.com,sneha@pwd,9090909090,7/30/2003,Female,12 Lotus Street, Delhi
izma,izmashaikh@gmail.com,Izma@123,8160026252,16-02-2006,female,Fatehgunj,
Yahyaaa,ysshaikh98@gmail.com,Yahya@123,9638463911,11-10-2008,Male,Kalol,
